Course Code,Course Name,Description,Category,Link
DANCE 100,UNDERSTANDING DANCE,"Builds understanding and appreciation for the field of Dance. Delves into dance and its' many facets, integrating, theoretical, historical, and embodied learning through viewing, reading, reflecting, discussing and finally, creating. Develops students into an informed audience and encourages relevance to other disciplines.",Dance,https://guide.wisc.edu/courses/dance/
DANCE 101,SOCIAL DANCE I,"Introduction to basic movement concepts and skills involved in social dancing. Covers the fundamental skills in leading and following, rhythm, and style of the Waltz, Fox Trot, Jitterbug/Swing, Tango, and Cha-Cha. Many social dance forms require that participants work in pairs, which will switch throughout the semester. Other dances may be explored.",Dance,https://guide.wisc.edu/courses/dance/
DANCE 102,SOCIAL DANCE II,"Improves and expands social dance skills. Covers the fundamental skills in leaning and following, rhythm, and style of the Fox Trot, Jitterbug/Swing, Waltz, Cha-Cha, Tango, Rumba, Merengue, and Polka. Other social dances may be explored.",Dance,https://guide.wisc.edu/courses/dance/
DANCE 103,MODERN JAZZ DANCE,"Introduction to Modern Jazz Dance with emphasis on practical application, including center work, traveling, and memorized movement sequences.",Dance,https://guide.wisc.edu/courses/dance/
DANCE 105,BALLET I,Emphasizes the study and practice of the fundamental principles of Ballet technique and exploration of the body as a creative and expressive instrument. Movement based experiential learning.,Dance,https://guide.wisc.edu/courses/dance/
DANCE 106,BALLET II,Emphasizes the study and practice of the fundamental principles of Ballet technique and exploration of the body as a creative and expressive instrument.,Dance,https://guide.wisc.edu/courses/dance/
DANCE 107,CONTEMPORARY DANCE I,Emphasizes the study and practice of the Contemporary dance technique and exploration of the body as a creative and expressive instrument capable of gaining new understanding through the art of dance.,Dance,https://guide.wisc.edu/courses/dance/
DANCE 108,CONTEMPORARY DANCE II,Emphasizes the study and practice of the Contemporary dance technique and exploration of the body as a creative and expressive instrument capable of gaining new understanding through the art of dance.,Dance,https://guide.wisc.edu/courses/dance/
DANCE 110,WORKSHOP IN DANCE ACTIVITY,"Explores the creative and expressive aspects of dance movement. Develops technical skills and creative ability through whole body work on flexibility, strength, alignment, endurance, movement and improvisation. Develops appreciation of dance as an art form.",Dance,https://guide.wisc.edu/courses/dance/
DANCE 111,CONTEMPORARY DANCE TECHNIQUE AND THEORY I,Level I Core course in technique. Study and practice of the fundamental principles of contemporary dance technique and theory. Exploration of the body as a creative and expressive instrument. Audition at first class meeting determines course eligibility and placement.,Dance,https://guide.wisc.edu/courses/dance/
DANCE 112,CONTEMPORARY DANCE TECHNIQUE AND THEORY II,Level I Core course in technique. Study and practice of the fundamental principles of contemporary dance technique and theory. Exploration of the body as a creative and expressive instrument. Audition at first class meeting determines course eligibility and placement.,Dance,https://guide.wisc.edu/courses/dance/
DANCE 115,HIP-HOP DANCE TECHNIQUE AND THEORY 1,"Provides an introduction to foundational movement technical knowledge necessary to perform Hip-Hop dance safely with form and skill. Introduces the theory, practice, aesthetics, and historical foundations of hip-hop dance. Hip-Hop dance is an artistic manifestation of Hip-Hop culture with dances and movement activities related to histories and philosophies as well as improvisatory states of expression. Engage with the history, theory and philosophy surrounding the dance vocabulary, which directly impacts the physical intelligence of the dancer. Explore the roots of funk and Hip-Hop dance in the social fabric of African, Caribbean, and Afro-Latin cultures while examining reinventions of ragtime, swing, and rock n' roll throughout the 20th and 21st centuries in America.",Dance,https://guide.wisc.edu/courses/dance/
DANCE 116,WORKSHOP IN WORLD DANCE,Exploration in different traditional or folk dance forms from around the world.,Dance,https://guide.wisc.edu/courses/dance/
DANCE 118,AFRICAN DANCE,"Technique and practice of several basic African dance forms with study of their musical, historical and cultural contexts.",Dance,https://guide.wisc.edu/courses/dance/
DANCE/​ASIAN AM  121,ASIAN AMERICAN MOVEMENT,Techniques of exercises and movement forms derived from several Asian cultures as taught in the United States. Studied in the context of the construction and expression of ethnic and cultural identity.,Dance,https://guide.wisc.edu/courses/dance/
DANCE 125,BALLET TECHNIQUE I,"Introduction to basic skills and terminology; includes barrework, center work, petit allegro, grand allegro; focus on form, kinesthetic principles and aesthetic values.",Dance,https://guide.wisc.edu/courses/dance/
DANCE 126,BALLET TECHNIQUE I-B,"Level I Core continued expanding terminology, further developing barre work, center work, petit allegro, grand allegro; focus on form, kinesthetic principles and aesthetic values.",Dance,https://guide.wisc.edu/courses/dance/
DANCE 131,SOMATIC THEORY AND PRACTICES,Integration of body and mind is explored through various somatic practices.,Dance,https://guide.wisc.edu/courses/dance/
DANCE 132,WORKSHOP IN BODY STUDIES AND PRACTICES,"A laboratory in mind-body practice. Topics titles reflect the type of body practices or modalities covered. Each specific practice focuses on increased bodily awareness and function for the performing artist. Includes movement practices, readings, discussion, writing assignments, videos and performances/lectures.",Dance,https://guide.wisc.edu/courses/dance/
DANCE 133,RELAXATION TECHNIQUES FOR EMBODIMENT AND STRESS MANAGEMENT,"Study and practice of neuro-muscular relaxation, self-regulation, focus/concentration, stress/anxiety management, and body awareness. Exploration of the body as a creative tool to facilitate ease of movement and flexible approaches to stressors.",Dance,https://guide.wisc.edu/courses/dance/
DANCE 135,PILATES MAT I,"Pilates is a physical conditioning program that creates balance, improves posture, decompresses joints and creates elongated, toned muscles. The exercises focus on core strength, breath, and a flexible spine. Incorporates Level I-III Mat exercises. Explore functional anatomy and imagery-based alignment.",Dance,https://guide.wisc.edu/courses/dance/
DANCE 136,PILATES EQUIPMENT I,"Focuses on learning Level I  II (Lab I) exercises on the Pilates equipment, which includes the Reformer, Cadillac, Low Chair, and High Barrel.",Dance,https://guide.wisc.edu/courses/dance/
DANCE 140,DANCE PRODUCTION,"Introduction to design and production for the performing arts with emphasis on dance. Covers the use of lighting, sound and other scenographic elements in theory and with practical experience.",Dance,https://guide.wisc.edu/courses/dance/
DANCE 156,MOVEMENT AS MATERIAL THROUGH IMPROVISATION,Use of improvisation to develop a personal movement vocabulary and explore compositional form.,Dance,https://guide.wisc.edu/courses/dance/
DANCE 157,INTRODUCTION TO MOVEMENT ANALYSIS,An examination of the qualitative variations in movement processes as they relate to human function and expression.,Dance,https://guide.wisc.edu/courses/dance/
DANCE 159,COLLABORATIVE ARTS WORKSHOP,Focuses on sharing ideas by creating dance and theatre through a collaborative process. Exposes a range of artistic disciplines with the focus of collaboratively developing a concert program projected through the lens of hip hop theatre. Engage in various art disciplines to develop interdisciplinary tools through a collaborative process that will strengthen and teach creative problem solving skills. By audition,Dance,https://guide.wisc.edu/courses/dance/
DANCE 162,FIRST YEAR WORKSHOP,"Introduction to the world of contemporary dance, and covers topics in contemporary dance performance and professionalism.",Dance,https://guide.wisc.edu/courses/dance/
DANCE 165,INTRODUCTION TO THE HISTORIES OF DANCE,A survey providing a framework for understanding and appreciating the significance of dance in and as human culture.,Dance,https://guide.wisc.edu/courses/dance/
DANCE 168,"DANCING GENDER: EMBODIMENT, POLITICS AND FEMINIST THEORY","Gender theories and feminist theories focus on the body as the main site where gender distinctions are understood. As the body holds a central position in the art of dance and the academic discipline of dance studies, explores gender and feminist theories through the lens of dance. Drawing on a wide array of examples and dance genres ranging from across the globe (such as Ballroom, Bollywood, Folk Dance, Ballet and more) introduces the cultural specificity of gender norms and the ways that dance has the potential to challenge heteronormativity through performance.",Dance,https://guide.wisc.edu/courses/dance/
DANCE 200,WRITING THE MOVING BODY,"Examines performance texts from the 20th century to the present, and applies them through written analyses.",Dance,https://guide.wisc.edu/courses/dance/
DANCE 205,DANCE,"Introduction to basic elements of modern, jazz and ballet dance forms; emphasis on dance in the physical education curriculum.",Dance,https://guide.wisc.edu/courses/dance/
DANCE 211,CONTEMPORARY DANCE TECHNIQUE AND THEORY III,Continuation of DANCE 111 and DANCE 112. Exploration of dance dynamics and quality through improvisation and the practice of set dance sequences.,Dance,https://guide.wisc.edu/courses/dance/
DANCE 212,CONTEMPORARY DANCE TECHNIQUE AND THEORY IV,Continuation of DANCE 211. Further development of skills. Development of dance phrases and movement vocabulary for invention.,Dance,https://guide.wisc.edu/courses/dance/
DANCE 213,NEW MOVEMENT TECHNIQUES,Exploration of new movement techniques in dance outside of traditional forms and methods.,Dance,https://guide.wisc.edu/courses/dance/
DANCE/​THEATRE  218,AFRICAN DANCE PERFORMANCE,"Technique, practice and performance of complex African and African-based dances in relation to polyrhythmic musical and percussive accompaniment. Study of historical and cultural contexts of these forms. Development of improvisational skills in dialogue with musicians.",Dance,https://guide.wisc.edu/courses/dance/
DANCE 225,BALLET TECHNIQUE II,"Emphasis on basic skills; barrework, center work, petit and grand allegro, adagio, and increased use of demi-pointe. Focus on form, kinesthetic principles and aesthetic values.",Dance,https://guide.wisc.edu/courses/dance/
DANCE 226,BALLET TECHNIQUE II-B,"Level II Core continued expanding terminology, further developing barre work, center work, petit allegro, grand allegro; focus on form, kinesthetic principles and aesthetic values.",Dance,https://guide.wisc.edu/courses/dance/
DANCE 231,INTRODUCTION TO DANCE/MOVEMENT THERAPY,"Orientation to the scope of dance therapy as a profession. Historical framework, theoretical rationale, and present application of dance/movement therapy.",Dance,https://guide.wisc.edu/courses/dance/
DANCE 232,INTRODUCTION TO DYNAMICS OF DANCE THERAPY,Continued development of the field of dance/movement therapy with specific emphasis on DMT with specific populations and research in the field.  Fieldwork in community programs is required.,Dance,https://guide.wisc.edu/courses/dance/
DANCE 233,DISARMING THE PLAYGROUND: VIOLENCE PREVENTION THROUGH MOVEMENT,"Study and Practice of using movement, body awareness, creativity and discussion to experience and develop skills to teach others embodied practices for handling stress, anxiety, conflicts, etc. in a peaceful, healthy way. Learn how to use tools to set healthy boundaries and deal with conflicts in the classroom or your life. Receive a thorough introduction to the Disarming the Playground Curriculum, a school violence prevention program rooted in the principles of dance/movement therapy. Learn to adjust activities and experiences for different age groups and different populations.",Dance,https://guide.wisc.edu/courses/dance/
DANCE 235,PILATES MAT II,"Continuation of DANCE 135. Learn the intermediate to advanced level mat exercises, which continue to focus on core strength, breath and spinal flexibility while challenging upper body strength, range of motion in the hips and spine, spinal extension and inverted balance.",Dance,https://guide.wisc.edu/courses/dance/
DANCE 236,PILATES EQUIPMENT II,"Covers the Intermediate to Advanced exercises (Level IV and V) on all equipment. The V exercises challenge a body's uniform development, range of motion in all actions of the spine, hips and shoulders, and require significant control and balance. These exercises are great cross-training for athletes, dancers or Pilates enthusiasts who wish to feel the advanced movement potential of their own bodies. Achieving mastery over these exercises requires more practice and commitment than the Beginner-Intermediate exercises as the body is expected to move beyond its average range of strength and flexibility.",Dance,https://guide.wisc.edu/courses/dance/
DANCE 237,PILATES STUDIO I,"Experience in teaching Pilates, which includes private, semi-private, and small group sessions.Gives student-teachers class structure formats, including an understanding of the instructor to student relationship, pacing of class sessions, and the physical detail with which Pilates is taught.",Dance,https://guide.wisc.edu/courses/dance/
DANCE 240,DANCE PRODUCTION LABORATORY,Provides hands-on experience working with the technical aspects of dance program performances.,Dance,https://guide.wisc.edu/courses/dance/
DANCE 241,MUSIC FUNDAMENTALS FOR DANCERS,"Study of the elements of music and their relationship to movement, a history of contemporary music and modern dance and an introduction to digital audio applications for choreography.",Dance,https://guide.wisc.edu/courses/dance/
DANCE 255,MOVEMENT COMPOSITION FOR THE PERFORMING AND VISUAL ARTS,Basic principles of solo composition explored and applied to movement in visual and performing arts.,Dance,https://guide.wisc.edu/courses/dance/
DANCE/​THEATRE  259,COLLABORATIVE ARTS PERFORMANCE LAB: DEVISING COLLABORATIVE PERFORMANCE THROUGH HIP HOP ARTS,"Work together to create a repertory company which produces performances of short hip hop theater and other collaborative performance art works for public viewing. Experimental works are researched and developed. Involves the development of collaborative and small group pieces as well as artistic training with a focus on individual and multi-voice work, theater improvisation, dance/movement.",Dance,https://guide.wisc.edu/courses/dance/
DANCE 265,DANCE HISTORY I: DANCE IN THE MODERN ERA,"Surveys dance history from about 1500 through the 1900s. Through research, discussion, and viewing images and video, students will analyze and understand dance in relation to the fundamental changes to human experiences that arose in the modern era.",Dance,https://guide.wisc.edu/courses/dance/
DANCE 268,POLITICAL AND CULTURAL PERSPECTIVES IN DANCE STUDIES,"Examines the role of dance as a cultural form of expression within the political sphere. Draws on a variety of case studies ranging from popular dance TV shows, to European modern dance and from hip-hop to dancing at public protests and asks the question of what constitutes dance and what is its social and political function.",Dance,https://guide.wisc.edu/courses/dance/
DANCE 274,METHODS IN DANCE EDUCATION,"Study of principles in dance curriculum planning, instruction, assessment, classroom management, and learner diversity through a trauma-informed and culturally responsive-sustaining lens.",Dance,https://guide.wisc.edu/courses/dance/
DANCE 311,CONTEMPORARY DANCE TECHNIQUE AND THEORY V,Level III. Contemporary dance technique and theory on the intermediate level. Emphasis on movement skills employing proper body alignment.,Dance,https://guide.wisc.edu/courses/dance/
DANCE 312,CONTEMPORARY DANCE TECHNIQUE AND THEORY VI,Continuation of DANCE 311.,Dance,https://guide.wisc.edu/courses/dance/
DANCE/​AFROAMER/​MUSIC  318,CULTURAL CROSS CURRENTS: WEST AFRICAN DANCE/MUSIC IN THE AMERICAS,"The influence of traditional West African dance/music heritage in historical, artistic, social contexts in the development of new hybrid forms of music/dance created by cross-pollination of cultures of Africans, Europeans and indigenous peoples in the New World.",Dance,https://guide.wisc.edu/courses/dance/
DANCE/​AFROAMER/​ASIAN AM/​FOLKLORE  319,AFRO ASIAN IMPROV: FROM HIP HOP TO MARTIAL ARTS FUSION,"An Afro Asian perspective provides a lens through which intersections between Asian American and African American dance and martial arts are studied and practiced. Asian American and African American movement genres provide tools to explore dance fusion, choreography, and improvisation, to create dances informed by African American and Asian American legacies of struggle, innovation and transformation, while cognizant of historical forces of oppression and racism. Building connections through respectful communication with others are learned through dance practice, discussion and writing about concepts learned through readings, videos, and guest artist visits. Engagement with dance as a cultural vehicle for creative problem-solving and risk-taking occurs through guided class or smaller group activities.",Dance,https://guide.wisc.edu/courses/dance/
DANCE/​FOLKLORE/​THEATRE  321,JAVANESE PERFORMANCE,"Technique and practice of classical Javanese dance in its musical, historical and cultural contexts.",Dance,https://guide.wisc.edu/courses/dance/
DANCE 325,BALLET TECHNIQUE III,"Intermediate: barrework, center work, petit and grand allegro, adagio, demi-pointe, and more complex combinations and skills. Focus on form, kinesthetic principles, and aesthetic values.",Dance,https://guide.wisc.edu/courses/dance/
DANCE 326,BALLET TECHNIQUE III-B,"Intermediate level continued: barrework, center work, petit and grand allegro, adagio, demi-pointe, and more complex combinations and skills. Focus on form, kinesthetic principles, and aesthetic values.",Dance,https://guide.wisc.edu/courses/dance/
DANCE 330,FUNCTIONAL ANATOMY FOR MOVEMENT PRACTICES,"Provides an understanding of functional anatomy in kinetic terms, exploring efficient musculoskeletal function as it relates to pedestrian movement and vigorous movement. Learn how to see and feel the difference between healthy movement and movement pathology.",Dance,https://guide.wisc.edu/courses/dance/
DANCE 331,DYNAMICS OF DANCE THERAPY,Movement lab integrating theory and techniques of dance therapy. Field work in community service projects.,Dance,https://guide.wisc.edu/courses/dance/
DANCE 337,PILATES STUDIO II,Cover the Pilates Level IV-V (Intermediate-Advanced) material on the equipment and continues work from DANCE 237.,Dance,https://guide.wisc.edu/courses/dance/
DANCE/​ART  341,SOUND DESIGN FOR THE PERFORMING AND VISUAL ARTS,"Production of audio soundtracks to complement the work of artists. The relationship of sound and music to dance, video, film, computer art, and other interdisciplinary forms.",Dance,https://guide.wisc.edu/courses/dance/
DANCE 345,SCREENDANCE PRODUCTION,"Provides technical and aesthetic knowledge of the use of video camera and editing techniques, the introduction to digital video, and the relationship of video to the performing and visual arts.",Dance,https://guide.wisc.edu/courses/dance/
DANCE 355,DANCE COMPOSITION II,"Composition and performance of dances based on pre-classic and modern dance forms to include practical application of theater production, costuming, and stage design.",Dance,https://guide.wisc.edu/courses/dance/
DANCE 365,DANCE HISTORY II: DIRECTIONS AND ISSUES OF CONTEMPORARY DANCE,"Surveys dance history from the 1960's to the present. Through research, video viewing, and discussions, grasp aesthetic ideas of modern dance; contextualize the major components of contemporary dance; and characterize trends and styles relative to underlying philosophies.",Dance,https://guide.wisc.edu/courses/dance/
DANCE 368,DANCING CULTURES IN GREECE,"Examine the construction of Greek national identity and cultural heritage through dance, embodied practices, and art creation practices by utilizing dance studies frameworks and ethnographic research tools. Experiential multi-sited research to be completed in Greece, conducted through dance workshops, performances, museum visits, attendance to regional dance festivals, and in conversation with local experts featured as guest lecturers, such as dance historians, folklorists, choreographers, teachers, and performers. Genres covered include folk dance, social dance, concert dance, and other somatic practices that foster a sense of belonging, community, and unity amongst practitioners. Must have sophomore standing and a valid passport that does not expire 6 months past the Greece travel dates.",Dance,https://guide.wisc.edu/courses/dance/
DANCE 373,INTRODUCTION TO DANCE AND COMMUNITY,"Introduction to community engagement through dance and movement. Focus on skills to work within service-oriented programs that engage communities in transformative, decolonizing, and humanizing dance practices. Investigate theory, practice, and empirical research to support ethnographic approaches with feminist and critical perspectives when working with dance in communities.",Dance,https://guide.wisc.edu/courses/dance/
DANCE 374,TEACHING DANCE,Provides methods and materials for appropriate dance instruction in the public and private sectors for an array of ages. Advocates for Dance Education in both public and private settings and emphasizes the value of Dance in enhancing the quality of life for all people.,Dance,https://guide.wisc.edu/courses/dance/
DANCE 375,PILATES TEACHING METHODS,"Designed to provide an understanding of the practice of teaching and learning Pilates. Develops understanding of body mechanics as well as an appreciation of the variety of movement possibilities and compensatory patterns present in individual bodies. Consists of lecture, discussion, practice teaching and mentorship as students begin the process of teaching Pilates.",Dance,https://guide.wisc.edu/courses/dance/
DANCE 376,PILATES TEACHING I,"Emphasizes private session teaching, applied anatomy and imagery, and overall Pilates pedagogy.",Dance,https://guide.wisc.edu/courses/dance/
DANCE 379,DANCE TEACHING PRACTICUM,"Supervised practicums; teaching dance or movement integrated strategies from a trauma-informed, culturally responsive-sustaining lens. Practicums take place in public schools, private studios, community centers, or Lathrop Hall depending on interests and experiences.",Dance,https://guide.wisc.edu/courses/dance/
DANCE 399,INDEPENDENT PROJECT,,Dance,https://guide.wisc.edu/courses/dance/
DANCE/​FOLKLORE/​THEATRE  421,JAVANESE PERFORMANCE REPERTORY,Introduction to Javanese theatre performance in a Javanese epic tradition. Includes use of Javanese gamelan music as accompaniment for dance drama.,Dance,https://guide.wisc.edu/courses/dance/
DANCE 431,DANCE THERAPY PRACTICUM,"One semester supervised experience in psychiatric setting, i.e., special school, hospital, or community mental health center, and one semester of independent study.",Dance,https://guide.wisc.edu/courses/dance/
DANCE 440,ADVANCED PRODUCTION LABORATORY,Provides hands-on experience working with the technical aspects of dance program performances.,Dance,https://guide.wisc.edu/courses/dance/
DANCE/​ART  441,ADVANCED SOUND DESIGN,"Advanced instruction in the production of sound tracks to complement the work of artists in dance, video, film, computer art and other interdisciplinary forms.",Dance,https://guide.wisc.edu/courses/dance/
DANCE 449,SURVEY OF INTERARTS AND TECHNOLOGY,"Overview of the history and practice of interdisciplinary work by artists working alone or in collaboration with others. Explores work that relies on or has a contingent relationship to the technology of the era in which it was created. Covers the history of lnterarts and Technology from the early 1900's to the present with additional lectures focusing on relevant topics from earlier periods of history, e.g. Guttenburg's printing press, Da Vinci's flying machines, etc. Individual artists and movements will be profiled with a focus on the Futurists, Dada, and Surrealists in the early half of the century, dance and technology in general and the crossover of contemporary avant garde theater and performing artists such as Laurie Anderson and others whose work is dependent on high tech electronics.",Dance,https://guide.wisc.edu/courses/dance/
DANCE 451,DANCE REPERTORY THEATER,"Study of choreography created by member of the faculty and guest artists, leading to public performance. Must take a 100 level or higher dance technique or theory course concurrently. Must be cast in the Faculty Concert or Guest Artist work. Audition at first class meeting.",Dance,https://guide.wisc.edu/courses/dance/
DANCE 452,DANCE REPERTORY THEATER,"Study of choreography created by member of the faculty and guest artists, leading to public performance. Must take a 100 level or higher dance technique or theory course concurrently. Must be cast in the Faculty Concert or Guest Artist work. Audition at first class meeting.",Dance,https://guide.wisc.edu/courses/dance/
DANCE 453,DANCE REPERTORY THEATRE,"Study of choreography created by member of the faculty and guest artists, leading to public performance. Must be cast in the Faculty Concert or Guest Artist work, and concurrently enrolled in one of the following: DANCE  111, 112, 115, 118, 125, 126, 211, 212, 213, 218 225, 226, 231, 311, 312, 325, or 326. Open to first-year students.",Dance,https://guide.wisc.edu/courses/dance/
DANCE 455,DANCE COMPOSITION III,"Principles of organization in group composition. Planning, composing and presenting of group dances.",Dance,https://guide.wisc.edu/courses/dance/
DANCE 462,SENIOR SEMINAR,"Reflect on the entirety of dance coursework, develop current work in performance and dance scholarship, and prepare for future engagement with the discipline outside the university.",Dance,https://guide.wisc.edu/courses/dance/
DANCE 463,SENIOR PROJECT,"Focuses on artistic and scholarly senior dance projects such as choreography, performance, pedagogy, research studies, papers, and articles.",Dance,https://guide.wisc.edu/courses/dance/
DANCE 466,CURATING THE PRACTICE,"Explores the evolving practice of performance curation in the 21st century, emphasizing the  role of curators and artists in shaping contemporary performance art. Critical engagement with diverse curatorial  practices, considering both historical and emerging models influenced by the 2020 global lockdown, digital  platforms, and virtual spaces. Exploration of how performance reception, access, and curation have been reshaped since 2020, and investigation of new paradigms such as digital and technologically mediated sites for  performance through interdisciplinary discussions, presentations, and guest speakers.",Dance,https://guide.wisc.edu/courses/dance/
DANCE 469,INTERDISCIPLINARY STUDIES IN THE ARTS,Guest artists present topics appropriate to their specializations.,Dance,https://guide.wisc.edu/courses/dance/
DANCE 476,PILATES TEACHING II,Complete a minimum of 3 hours of teaching per week (or equivalent) working with individuals one on one or with group classes. Teach Pilates coursework Level I-V. Attend weekly seminars and mentor meetings.,Dance,https://guide.wisc.edu/courses/dance/
DANCE 552,ADVANCED DANCE REPERTORY AND PERFORMANCE II,"Focuses on the creation and performance of dance repertory, whether through the development of new choreographic works or the re-staging of existing pieces. Emphasizes live performance as a process to contribute to both the creative and performance aspects of the work. Collaboratively engage in critical discussions and provide expert feedback, reinforcing arguments around artistry, excellence, and the role of live performance in contemporary dance. Hands-on experience in contemporary performance skills and techniques related to dance repertory, emphasizing collaboration in the creation and practice of live dance. Requires concurrent enrollment in DANCE 311, 312, 325, or 326 and audition at first class meeting.",Dance,https://guide.wisc.edu/courses/dance/
DANCE 560,CURRENT TOPICS IN DANCE: WORKSHOP,,Dance,https://guide.wisc.edu/courses/dance/
DANCE 567,HISTORY OF SCREENDANCE,"Focus on the history and practice of screendance in its myriad forms including, but not limited to, performance made for the camera, first person narrative, spoken word, fictional cinema, experimental documentary and other forms of mediated performance practice within the broadly defined context of dance. Interdisciplinary approach to making performative work for the screen.",Dance,https://guide.wisc.edu/courses/dance/
DANCE 665,DANCE HISTORY AND THEORY,"Examines dance historical work in the changing field of Dance Studies since the mid-1980s. Introduces significant perspectives on dance history and dance theory, and considers how these impact and relate to dance creation and pedagogy. Engage with new research in dance history, practice archival research methods, and form a teaching approach to dance history that is responsive to the current direction and needs of the field.",Dance,https://guide.wisc.edu/courses/dance/
DANCE 675,DANCE AND COMMUNITY,"Engages with dance arts for and in communities. Working in relation to core ideas about the value of dance/movement in community, covers interdisciplinary research, scholarship, and praxis within this diverse area of work. Investigates how dance and interrelated arts serve as vehicles for social and environmental change in diverse communities. Specific themes might include racial justice, environmental justice, indigenous survival struggles, and how these themes impact or galvanize communities. Theory and practice reaches beyond campus and connects to the H'Doubler legacy as well as the Wisconsin idea.",Dance,https://guide.wisc.edu/courses/dance/
DANCE 679,DANCE FIELD WORK,"Off-campus, in-the-field experience pursuing an intensive, self-directed study or project under faculty guidance and mentorship. Research directly leads to the development of a creative performance project. May be conducted in a local, national, or international community or professional settings as related to student's practice-as-research work. One-on-one high-value creative research activity, individual-level feedback, and model the behavior and norms of academia and professional life. Devise a research project while guided through the research and creative process.",Dance,https://guide.wisc.edu/courses/dance/
DANCE 699,INDEPENDENT PROJECT,,Dance,https://guide.wisc.edu/courses/dance/
DANCE 762,RESEARCH METHODS,"Examines different research methodologies and approaches to researching dance. Topics range  from studio-based research to theoretical research and include: Practice as Research, Embodied Approaches to Research, Ethnographic Methodologies, Dramaturgy, Critical Theory, and Issues in Dance Studies.",Dance,https://guide.wisc.edu/courses/dance/
DANCE 776,DANCE CURRICULUM AND TEACHING PRACTICES,"Foundational structure engaging in various dance teaching experiences. Cultivate self-reflective, student-centered teaching skills through discussions, integrating an awareness of current issues and developments impacting the field with personal artistry. Investigage the expansion and evolution of dance pedagogy to explore and address the evolution of the field at local, regional, national, and global levels.",Dance,https://guide.wisc.edu/courses/dance/
DANCE 990,CREATIVE PROJECT FOR RESEARCH,"Individual research projects following the approval stage of thesis proposal. Create research plans and schedules determined by the particulars of creative research, whether methodologies and approaches are studio-based or theory-based. Early through final stages of thesis projects are guided with faculty mentorship.",Dance,https://guide.wisc.edu/courses/dance/
DANCE 999,INDEPENDENT PROJECT,,Dance,https://guide.wisc.edu/courses/dance/
FOOD SCI 120,SCIENCE OF FOOD,"Relationship between food, additives, processing and health. How foods are processed. Current food controversies.",Food Science,https://guide.wisc.edu/courses/food_sci/
FOOD SCI 140,"THE CHOCOLATE EXPERIENCE: SCIENCE, SOCIETY, AND SUSTAINABILITY","Learn about the history of cocoa and chocolate production, the cultivation of cocoa and processing of cocoa beans to the production of chocolate from cocoa beans. Other topics covered include nutrition and health aspects of cocoa and chocolate consumption and socioeconomic and sustainability issues in cocoa production.",Food Science,https://guide.wisc.edu/courses/food_sci/
FOOD SCI 150,"FERMENTED FOOD AND BEVERAGES: SCIENCE, ART AND HEALTH","Explores the science behind fermented food and beverages, popularized by brewing, winemaking and breadmaking at home and in retail. Introduces the scientific principles that underlie food and beverage processing through fermentation. Covers how basic sciences such as chemistry, biochemistry and microbiology influence the process and desired outcomes when fermenting vegetables, milk, fruit, and grains.",Food Science,https://guide.wisc.edu/courses/food_sci/
FOOD SCI 201,DISCOVERING FOOD SCIENCE,Provides a brief introduction to the different areas of study and career opportunities within the food industry.,Food Science,https://guide.wisc.edu/courses/food_sci/
FOOD SCI 289,HONORS INDEPENDENT STUDY,Research work for honors students under direct guidance of a faculty member in an area encompassing Food Science.  Students are responsible for arranging the work and credits with the supervising instructor.,Food Science,https://guide.wisc.edu/courses/food_sci/
FOOD SCI 299,INDEPENDENT STUDY,Research work for students under direct guidance of a faculty member in an area encompassing Food Science.  Students are responsible for arranging the work and credits with the supervising instructor.,Food Science,https://guide.wisc.edu/courses/food_sci/
FOOD SCI 301,INTRODUCTION TO THE SCIENCE AND TECHNOLOGY OF FOOD,"Introduction to the science and the technology of food manufacture. Covers the basic chemical, physical and microbiological properties of food and manipulation of these properties in the manufacture of food products.",Food Science,https://guide.wisc.edu/courses/food_sci/
FOOD SCI/​AN SCI  305,INTRODUCTION TO MEAT SCIENCE AND TECHNOLOGY,"Application of biological, technological, and economical principles to muscle and related tissue utilized for food.",Food Science,https://guide.wisc.edu/courses/food_sci/
FOOD SCI/​AN SCI  321,FOOD LAWS AND REGULATIONS,"Food laws and regulations, regulatory and commerical grading standards used in the food industry.",Food Science,https://guide.wisc.edu/courses/food_sci/
FOOD SCI/​MICROBIO  324,FOOD MICROBIOLOGY LABORATORY,"Lab exercises dealing with food preservation, spoilage, and food poisoning. Isolation, identification and quantification of specific microbes occurring in foods, and food fermentations by bacteria and yeast.",Food Science,https://guide.wisc.edu/courses/food_sci/
FOOD SCI/​MICROBIO  325,FOOD MICROBIOLOGY,"Principles of food preservation, epidemiology of foodborne illness, agents of foodborne illness, food fermentations and biotechnology.",Food Science,https://guide.wisc.edu/courses/food_sci/
FOOD SCI 330,DAIRY PRODUCTS EVALUATION,"Introduction to sensory analysis of dairy and dairy-alternative products. Individual skill building to evaluate products such as vanilla ice cream, cheddar cheese, cottage cheese, yogurt, milk, and butter by providing mentored sensory training.",Food Science,https://guide.wisc.edu/courses/food_sci/
FOOD SCI 375,SPECIAL TOPICS,Subjects of current interest to undergraduates.,Food Science,https://guide.wisc.edu/courses/food_sci/
FOOD SCI 378,PRECISION FERMENTATION FOR SUSTAINABLE FOODS AND PRODUCTS,"Introduction to principles of precision fermentation, genetic tools used to manipulate the organisms involved in precision fermentation, food and non-food applications of precision fermentation. Topics such as: sustainable manufacturing of alternative proteins, food colorants, artificial sweeteners, amino acids, vitamins, flavoring and blending agents in alternative protein formulations, fatty acids, non-food chemicals of industrial importance, and sustainable feedstocks. Comparison of precision fermentation to traditional fermentations including whiskey, rum and bourbon.",Food Science,https://guide.wisc.edu/courses/food_sci/
FOOD SCI 399,COORDINATIVE INTERNSHIP/COOPERATIVE EDUCATION,An internship under guidance of a faculty or instructional academic staff member in the Food Science department and a internship site supervisor. Students are responsible for arranging the work and credits with the faculty or instructional academic staff member and the internship site supervisor.,Food Science,https://guide.wisc.edu/courses/food_sci/
FOOD SCI 400,STUDY ABROAD IN FOOD SCIENCE,Provides an area equivalency for courses taken on Madison Study Abroad Programs that do not equate to existing UW courses.,Food Science,https://guide.wisc.edu/courses/food_sci/
FOOD SCI 410,FOOD CHEMISTRY,"Nature and chemical behavior of food constituents including proteins, lipids, carbohydrates, water, and enzymes.",Food Science,https://guide.wisc.edu/courses/food_sci/
FOOD SCI 412,FOOD ANALYSIS,Application of quantitative techniques to the determination of composition and quality of food products.,Food Science,https://guide.wisc.edu/courses/food_sci/
FOOD SCI 432,PRINCIPLES OF FOOD PRESERVATION,"Fundamentals of food preservation methods: post-harvest, thermal processing, refrigeration and freezing, control of water activity, chemical preservation, nonthermal methods and control of food packaging.",Food Science,https://guide.wisc.edu/courses/food_sci/
FOOD SCI 437,FOOD SERVICE OPERATIONS,"Fundamentals, principles, and practices of the United States Food Systems, Food Service, and Food Service Management. Introduction to the food service industry as applied in diverse settings, including but not limited to schools, hospitals and restaurants.",Food Science,https://guide.wisc.edu/courses/food_sci/
FOOD SCI 440,PRINCIPLES OF FOOD ENGINEERING,"Application of engineering principles in the analysis of food process operations: properties of gases and vapors, psychrometrics, material and energy balances, fluid flow, heat transfer, microwave heating, mass transfer, packaging film permeability, dehydration.",Food Science,https://guide.wisc.edu/courses/food_sci/
FOOD SCI/​AN SCI/​DY SCI/​SOIL SCI  472,ANIMAL AGRICULTURE AND GLOBAL SUSTAINABLE DEVELOPMENT,"Examines issues related to global agriculture and healthy sustainable development. Using a regional approach and focusing on crops and livestock case studies, students will learn the interdependence between US agriculture and agriculture in emerging economies. Some topics covered include population and food, immigration, the environment; crop and livestock agriculture; global trade; sustainability; food security, the role of women in agriculture, and the role of dairy products in a healthy diet.",Food Science,https://guide.wisc.edu/courses/food_sci/
FOOD SCI/​AN SCI/​DY SCI/​SOIL SCI  473,INTERNATIONAL FIELD STUDY IN ANIMAL AGRICULTURE AND SUSTAINABLE DEVELOPMENT,"Examines issues related to global agriculture and healthy sustainable development. Using a regional approach and focusing on crops and livestock case studies, students will learn the interdependence between US agriculture and agriculture in emerging economies. Some topics covered include population and food, immigration, the environment; crop and livestock agriculture; global trade; sustainability; and the role of women in agriculture and the role of dairy products in a healthy diet.",Food Science,https://guide.wisc.edu/courses/food_sci/
FOOD SCI 511,CHEMISTRY AND TECHNOLOGY OF DAIRY PRODUCTS,"Chemistry of milk components (i.e. protein, lipids, carbohydrate, salts, enzymes) with an emphasis on chemical and physical changes that occur during the manufacture of a range of milk products (i.e. ice cream, butter, cheese). Dairy technology and microbiological quality.",Food Science,https://guide.wisc.edu/courses/food_sci/
FOOD SCI 514,INTEGRATED FOOD FUNCTIONALITY,"Molecular basis of food functional properties; impact of ingredients and processing on functional properties (texture, flavor, nutrition and structure); design of new or reformulating foods to meet specific quality expectations.",Food Science,https://guide.wisc.edu/courses/food_sci/
FOOD SCI/​AN SCI  515,COMMERCIAL MEAT PROCESSING,"Principles and procedures in the commercial manufacture of processed meat products; sausage manufacturing, curing, smoking, freezing and packaging.",Food Science,https://guide.wisc.edu/courses/food_sci/
FOOD SCI 532,INTEGRATED FOOD MANUFACTURING,"Procedures used to process and preserve foods on a commercial basis, with emphasis on concentration, dehydration and fractionation process, plant sanitation/GMP, statistical process control, and environmental impacts..",Food Science,https://guide.wisc.edu/courses/food_sci/
FOOD SCI 535,CONFECTIONERY SCIENCE AND TECHNOLOGY,"Through a combination of on-line lectures, classroom activities, evaluation of commercial samples and discovery-based labs, the science and technology of confections from hard candy to chocolate will be covered.",Food Science,https://guide.wisc.edu/courses/food_sci/
FOOD SCI 550,FERMENTED FOODS AND BEVERAGES,"Chemistry, microbiology, and technology of foods and beverages in which fermentations are important (e.g. cheese, bread, pickles, beer). Fermentation techniques in developing new foods and food additives. Instrumentation and mechanization of food fermentations.",Food Science,https://guide.wisc.edu/courses/food_sci/
FOOD SCI 551,FOOD FERMENTATION LABORATORY,Offers the opportunity to learn to produce fermented beverages and dairy products in laboratory and scalable production facilities. Designed to introduce the chemical and physical basis for development of specific characteristics associated with individual styles of products as well as analytical methods to qualify those characteristics. Enrollment limited to students 21 years of age or older,Food Science,https://guide.wisc.edu/courses/food_sci/
FOOD SCI 602,SENIOR PROJECT,"Part one of senior capstone requirement. Working as teams, students conduct research around a problem pertinent to the food industry. Weekly discussions plus laboratory. Data collection and analysis and report writing are critical components of this course.",Food Science,https://guide.wisc.edu/courses/food_sci/
FOOD SCI 603,SENIOR SEMINAR,Part two of senior capstone requirement. Students will present data gathered and analyzed as part of the senior project.,Food Science,https://guide.wisc.edu/courses/food_sci/
FOOD SCI 611,CHEMISTRY AND TECHNOLOGY OF DAIRY PRODUCTS,"Chemistry of milk components (i.e. protein, lipids, carbohydrate, salts, enzymes) with an emhasis on chemical and physical changes that occur during the manufacture of a range of milk products (i.e. ice cream, butter, cheese). Dairy technology and microbiological quality.",Food Science,https://guide.wisc.edu/courses/food_sci/
FOOD SCI 681,SENIOR HONORS THESIS,Individual study for majors completing theses for Honors degrees as arranged with a faculty member.,Food Science,https://guide.wisc.edu/courses/food_sci/
FOOD SCI 682,SENIOR HONORS THESIS,Second semester of individual study for majors completing theses for Honors degrees as arranged with a faculty member.,Food Science,https://guide.wisc.edu/courses/food_sci/
FOOD SCI 699,SPECIAL PROBLEMS,Individual advanced work in an area of Food Science under the direct guidance of a faculty member.,Food Science,https://guide.wisc.edu/courses/food_sci/
FOOD SCI/​AN SCI  710,CHEMISTRY OF THE FOOD LIPIDS,"Chemical constitution, structures, reactions, stereochemistry of fats, phospholipids, related compounds; methods of isolation, characterization; synthesis; relation of structure to physical properties.",Food Science,https://guide.wisc.edu/courses/food_sci/
FOOD SCI/​AN SCI  711,FOOD BIOCHEMISTRY,"Explores methods for interrogating structure-function relationships, molecular profiles, and microstructure of foods. Provides hands-on experience using computational approaches to model protein-small molecule interactions, analysis of small molecules using high-resolution MS, and protein composition and morphology with fluorescence spectroscopy and microscopy. Knowledge of food chemistry or organic chemistry (such as FOOD SCI 410, CHEM 341, 343, or 345) required.",Food Science,https://guide.wisc.edu/courses/food_sci/
FOOD SCI 725,ADVANCED FOOD MICROBIOLOGY,"Principles and problems covering fundamental concepts in Food Microbiology; application of concepts in fermentation, pathogenesis, and gut health; development and control of a sustainable and safe food and fiber system.",Food Science,https://guide.wisc.edu/courses/food_sci/
FOOD SCI 799,PRACTICUM IN FOOD SCIENCE TEACHING,Teaching experience for PhD candidates.,Food Science,https://guide.wisc.edu/courses/food_sci/
FOOD SCI 875,SPECIAL TOPICS,New graduate and courses of current interest.,Food Science,https://guide.wisc.edu/courses/food_sci/
FOOD SCI 900,SEMINAR ADVANCED,Research literature and current departmental research.,Food Science,https://guide.wisc.edu/courses/food_sci/
FOOD SCI 990,RESEARCH,Full lab and literature review of a problem in food science. Leads to preparation of thesis and publication.,Food Science,https://guide.wisc.edu/courses/food_sci/
KINES 100,"EXERCISE, NUTRITION, AND HEALTH","Guidelines and assessment methods for fitness and nutrition. Motivation, adherence and stress-reduction techniques discussed. Lecture-demonstration concerning effects of exercise and nutrition on health and well-being.",Kinesiology,https://guide.wisc.edu/courses/kines/
KINES 104,AQUATICS,"Attainment and maintenance of a high degree of personal efficiency in swimming strokes and proficiency in fundamental aquatic skills, and an understanding of the fundamental physiological, mechanical and kinesiological principles as they relate to aquatic performance.",Kinesiology,https://guide.wisc.edu/courses/kines/
KINES 112,MAKE IT COUNT: MEASURING PHYSICAL ACTIVITY BEHAVIOR,Define exercise and physical activity behaviors and how to systematically measure them. Content will encompass the American College of Sports Medicine definition of physical activity and recommendations for exercise across different populations. Students will engage in a service learning opportunity with our adapted fitness program where they will practice measuring and addressing the difficulties in broadly defining physical activity.,Kinesiology,https://guide.wisc.edu/courses/kines/
KINES 115,PHYSIOLOGY OF HUMAN PERFORMANCE,"Humans are capable of achieving astonishing performances in athletics, in work and in other extraordinary situations. These extraordinary performances often provide important insights into physiological processes and their limits. This course integrates information from biology, chemistry, psychology, mechanics, etc., to understand the factors that determine and limit human performance from the molecular level all the way up to whole body movement. The emphasis in the class is on using case studies to investigate physiological processes underlying movement, exercise, and performance.",Kinesiology,https://guide.wisc.edu/courses/kines/
KINES 116,FIRST AID AND BASIC LIFE SUPPORT,"Techniques and procedures to deal effectively with common emergencies. Includes training in airway obstruction, cardiopulmonary resuscitation, automated external defibrillation, injuries, and medical emergencies.",Kinesiology,https://guide.wisc.edu/courses/kines/
KINES 119,INTRODUCTION TO KINESIOLOGY,"Introduces students to the field of kinesiology and the Department of Kinesiology at the University of Wisconsin-Madison. Introductory material about physical activity and health will be provided, and career opportunities in kinesiology will be discussed.",Kinesiology,https://guide.wisc.edu/courses/kines/
KINES 121,FOUNDATIONS OF PHYSICAL EDUCATION,"Introduction to physical education teaching, movement education, and an operational understanding of the scientific study of human movement. Lecture and lab.",Kinesiology,https://guide.wisc.edu/courses/kines/
KINES 123,LIVING WELL: LIFESTYLE REDESIGN AND HEALTH PROMOTION FOR COLLEGE STUDENTS,"Focuses on the application of biological, cultural and social theory and research to lifestyle change. There will be lectures by experts, experiential learning, and the application of course knowledge to student's lives through class assignments and activities. The transition to college requires students to construct a new lifestyle, take on new and greater personal responsibilities while at the same time meet rigorous academic challenges. This transition includes a loss of structured daily schedules, decreased family support for the day to day living, and greater responsibility for their finances and life choices. Students may have difficulty managing their time, exercise less, eat less healthy foods, engage in increased drinking of alcohol, and experience greater stress and depression when adjusting to college life. This life transition provides an opportunity for reexamination and an opportunity to make thoughtful choices about lifestyle.",Kinesiology,https://guide.wisc.edu/courses/kines/
KINES 125,ADAPTED FITNESS AND PERSONAL TRAINING,Fitness class for developing individualized personal goals. Accommodates persons having temporary or permanent disability. Alternative to dropping from other program classes due to injury or other medical reason.,Kinesiology,https://guide.wisc.edu/courses/kines/
KINES 127,INTRODUCTION TO ATHLETIC HEALTHCARE,"Issues and basic concepts of athletic healthcare including health care systems, interprofessonal teams, and injuries and conditions common to active populations. Emphasis on the team approach to patient care with exposure to a variety of health science professions.",Kinesiology,https://guide.wisc.edu/courses/kines/
KINES 140,SCIENCE AND PRACTICE OF RESISTANCE TRAINING,Lectures and demonstrations on the principles of resistance training and associated physiological effects designed for practitioners who wish to gain a detailed understanding of the science of resistance training.,Kinesiology,https://guide.wisc.edu/courses/kines/
KINES 145,CHOOSING TO MOVE: CONSTRUCTING AN ACTIVE LIFESTYLE,"Will promote physical activity at a level to achieve health benefits, particularly in students who currently are insufficiently active (less than 150 minutes each week of moderate intensity physical activity). Students will apply course materials (e.g., behavior change strategies) to their own lives by completing self-analysis of their physical activity levels and then developing a physical activity plan to increase current physical activity levels, as well as a plan to maintain the activity after the course has ended.",Kinesiology,https://guide.wisc.edu/courses/kines/
KINES 150,FOUNDATIONS OF HEALTH BEHAVIOR AND HEALTH EQUITY,"Provides students with an overview of the personal, interpersonal and broader social factors that contribute to the health and well-being of individuals and populations in the United States. Examinations of contemporary approaches to health education and health behavior interventions including: Foundations of health education and health behavior programs, health indicators, social and structural determinants of health and health disparities, models of health education/health behavior that support interventions for individuals and communities.",Kinesiology,https://guide.wisc.edu/courses/kines/
KINES 197,TECHNIQUES IN ATHLETIC TRAINING,"An applied clinical approach to basic skills commonly used in the field of athletic training. Designed for students interested in athletic training, and an appropriate elective for those who plan to teach or coach.",Kinesiology,https://guide.wisc.edu/courses/kines/
KINES 200,INTRODUCTORY NEUROSCIENCE,"Entry-level course provides a systematic introduction to the mammalian nervous system, with emphasis on the structure and function of the human brain. Topics include the function of nerve cells, sensory systems, control of movement, learning and memory, and diseases of the nervous system. The foundational knowledge covered in this course serves students interested in health sciences majors, as well as non-science students interested in neuroscience and its relation to human health, wellness, and disease.",Kinesiology,https://guide.wisc.edu/courses/kines/
KINES 214,CULTURE AND ENVIRONMENT IN EXERCISE PHYSIOLOGY ABROAD,"Examines physiological responses and adaptations to exercise and physical activity, with particular focus on the role that both the physical environment (temperature, altitude, etc.) and the cultural environment (cultural history, norms, etc.) play in these exercise responses. Topics include acute responses to exercise in normal environments and then in extreme environmental conditions (heat and cold, high altitude, and space environments). Consider exercise adaptations in athletes. Examine health consequences of low-levels of physical activity and consider the socio-cultural barriers to health promotion activities among the indigenous Maori in New Zealand, and compare them to at risk populations in United States. Requires completion of ANAT&PHY 235 or 335 and a valid passport that does not expire at least 6 months past the travel dates.",Kinesiology,https://guide.wisc.edu/courses/kines/
KINES 225,INTRODUCTION TO PHYSICAL ACTIVITY PROGRAMMING FOR DIVERSE ABILITIES,"Focused and rooted on the application of biological, cultural, social, and research-based practices for professional development in promoting physical activity for everyone, especially those with a variety of disabling conditions.  Work as individuals or teams to plan and implement specified physical activities for individuals with diverse abilities in a variety of settings, including the adapted fitness gym, recreational and competitive endeavors and the home-based exercise.",Kinesiology,https://guide.wisc.edu/courses/kines/
KINES 227,INTRODUCTION TO CLINICAL ANATOMY OF HUMAN MOVEMENT,Designed to provide students with a foundational knowledge in musculoskeletal anatomy and anatomical considerations related to human movement and physical activity.,Kinesiology,https://guide.wisc.edu/courses/kines/
KINES 250,SEDENTARY BEHAVIOR IN THE U.S. AND ABROAD,"Examines sedentary behavior, physical activity, physical inactivity, and associations with health outcomes in the United States and across the world. Topics include the determinants and consequences of sedentary behavior in children, adults, and special populations. Research examining psychological outcomes of sedentary behavior and barriers to adopting a physically active lifestyle is covered. Emphasis placed on Portuguese socio-cultural context, economic systems, and healthcare structures contributing to health outcomes. Compares the U.S. and European health models and physical activity guidelines. Design a sedentary behavior intervention informed by theories of behavior change.",Kinesiology,https://guide.wisc.edu/courses/kines/
KINES 260,"INCLUSIVE PHYSICAL ACTIVITY, SPORT & REHABILITATION IN IRELAND","Focus on applying models, research, and best practices in motor control and motor learning to inclusive physical activity, sports, and rehabilitation for individuals with disabilities. Participate in training seminars and site visits led by content experts in physical activity, sport, and rehabilitation. Explore and participate in sports, recreation, and physical activities through the lens of a tourist/participant with disabilities. Must have sophomore standing and a valid passport.",Kinesiology,https://guide.wisc.edu/courses/kines/
KINES 280,HEALTH COACHING PRINCIPLES AND METHODS,"Provides knowledge/skills needed to assess a client's wellness-related priorities and support them through development of wellness goals and the process of behavior change. Discussion of behavior change models and theories will provide a foundational understanding of health coaching. Covers principles and practice of motivational interviewing. Provides didactic and experiential training in mindfulness. Defines health coaching as a profession through discussion of scope of practice, the business of health coaching, professional conduct, and ethical considerations. Introduces lifestyle medicine through discussion of stress management, nutrition, physical activity, and other lifestyle factors, in addition to chronic disease and comorbid conditions. Uses elements of the American Council on Exercise (ACE) Health Coach University Curriculum.",Kinesiology,https://guide.wisc.edu/courses/kines/
KINES 300,PRACTICUM IN KINESIOLOGY,Supervised experience in a specialized area of physical education.,Kinesiology,https://guide.wisc.edu/courses/kines/
KINES 301,ADVANCED TECHNIQUES IN ATHLETIC TRAINING,"Provides future athletic training professionals a foundation in advanced athletic training techniques. Sample topics include: injury prevention, emergency care, orthopedic appliance applications, protective equipment, environmental considerations, and computer applications.",Kinesiology,https://guide.wisc.edu/courses/kines/
KINES 308,BIOMECHANICS OF PHYSICAL ACTIVITY,"Provides a comprehensive study of biomechanical foundations and principles underlying physical activity. Topics include musculoskeletal determinants of human movement, analysis of sports skills, feedback, and cueing techniques. Includes descriptions and applications of biomechanical concepts related to skillful movement, physical activity, and fitness.",Kinesiology,https://guide.wisc.edu/courses/kines/
KINES 312,TECHNOLOGY FOR PHYSICAL ACTIVITY AND HEALTH PROFESSIONALS,"Designed to provide students with creative technology strategies in the fields of school wellness education, physical activity, and fitness management. Students will build skills for using widely available technology resources to enhance instruction, assessment, motivation, communication, and advocacy in health and fitness settings. Skill-specific units present experiential assignments that increase learner confidence. Each unit produces print or digital materials for practical professional use with an emphasis on innovation.",Kinesiology,https://guide.wisc.edu/courses/kines/
KINES 314,PHYSIOLOGY OF EXERCISE,"Fundamental knowledge about, and appreciation for, the adaptability of human physiological systems in meeting a range of exercise demands.",Kinesiology,https://guide.wisc.edu/courses/kines/
KINES 315,ASSESSMENT AND RESEARCH IN PHYSICAL ACTIVITY PEDAGOGY,"Topics and laboratory experiences will focus on parameters that are measured in physical activity pedagogy; instruments for measuring physical activity, health related fitness, knowledge, and psychological characteristics; concepts of assessment and research, basic statistical methods; and action research.",Kinesiology,https://guide.wisc.edu/courses/kines/
KINES 316,ADAPTED PHYSICAL ACTIVITY,"An understanding of foundations, assessment and pedagogy for individuals with disabilities in a variety of physical activity settings. Emphasis on individual differences, life-span, and self-actualization.",Kinesiology,https://guide.wisc.edu/courses/kines/
KINES 318,BIOMECHANICS OF HUMAN MOVEMENT,Analysis of human action through the application of mechanical principles.,Kinesiology,https://guide.wisc.edu/courses/kines/
KINES 325,GROUP DEVELOPMENT AND BEHAVIOR MANAGEMENT,Provide students with opportunities and experiences to learn and participate in the development of groups. Provide students with strategies and experiences in the management of behaviors and techniques to maintain a safe and productive teaching environment.,Kinesiology,https://guide.wisc.edu/courses/kines/
KINES 327,CURRENT TOPICS IN OUTDOOR PURSUITS,Introduce students to several outdoor activities to enable the teaching of these topics.,Kinesiology,https://guide.wisc.edu/courses/kines/
KINES 330,RESEARCH IN KINESIOLOGY,"The research process as applied in kinesiology, including hypothesis development, ethical issues, study design, measurement and statistical concepts, and presentation of results. Includes exposure to current research within the Department of Kinesiology.",Kinesiology,https://guide.wisc.edu/courses/kines/
KINES 350,INTRODUCTION TO EXERCISE PSYCHOLOGY,"Emphasis on the psychological foundations of exercise with motivational techniques, perception of effort, personality dynamics, and mental health serving as the focal points.",Kinesiology,https://guide.wisc.edu/courses/kines/
KINES 353,HEALTH AND PHYSICAL EDUCATION IN A MULTICULTURAL SOCIETY,"Explores aspects and perspectives of diversity and culture, the concepts and importance of culturally responsive teaching, health education, and the Act 31 requirement for teacher education students. Perform a cultural self-mapping to become knowledgeable of how cultural background influences personal attitudes and actions, and attend a cross-cultural event to experience life in ""another person's shoes."" Engage in a multicultural field experience.",Kinesiology,https://guide.wisc.edu/courses/kines/
KINES 355,SOCIO-CULTURAL ASPECTS OF PHYSICAL ACTIVITY,"An introduction to the philosophy of physical activity/education, history of physical activity/education and sport, and sociology of sport.",Kinesiology,https://guide.wisc.edu/courses/kines/
KINES 360,LIFESPAN MOTOR DEVELOPMENT,Designed to introduce the student to major concepts and terminology in the field of human motor development. The content includes a description of how movement changes across the lifespan and the factors that influence and/or correlate with the changes. The Mountain of Motor Development model will help organize understanding of human motor development.,Kinesiology,https://guide.wisc.edu/courses/kines/
KINES 361,MOTOR LEARNING AND PERFORMANCE,A basic and up-to-date view of the major processes and mechanisms underlying the performance and learning of motor skills. Principles in motor learning and control are systematically introduced to produce a meaningful conceptual framework.,Kinesiology,https://guide.wisc.edu/courses/kines/
KINES 362,ADAPTED PHYSICAL EDUCATION COMMUNITY ENGAGEMENT,"A community-based experience in the Adapted Physical Education. Assist, lead, and teach participants in a physical activity program, community recreation activity, or other events that are specific to individuals with disability. Emphasis placed on the adaptation of physical education and physical activities to the needs of individuals with physical, intellectual, emotional, or sensory disabilities.",Kinesiology,https://guide.wisc.edu/courses/kines/
KINES 363,MANAGEMENT STRATEGIES IN ADAPTED PHYSICAL EDUCATION,"Provides comprehensive understanding of behavior management strategies for working with diverse populations in schools, including individuals with disabilities. Explore various topics such as preventative strategies, applied behavior analysis principles, behavior management strategies, developing positive behavioral interventions and support (PBIS), and specific approaches for different conditions, including emotional behavioral disabilities, ADHD, autism, and students in crisis. Learn how to assess behaviors and develop effective behavior intervention plans. Incorporates real-life case studies and presentations to enhance practical application.",Kinesiology,https://guide.wisc.edu/courses/kines/
KINES 364,ASSESSMENT AND PROGRAMMING IN ADAPTED PHYSICAL EDUCATION,Learn and practice assessment strategies in Adapted Physical Education. Experiences in the gymnasium and pool.,Kinesiology,https://guide.wisc.edu/courses/kines/
KINES 365,PRACTICUM: ADAPTED PHYSICAL EDUCATION,A practicum experience for individuals who are emphasizing the area of Physical Education/Special Populations. Six hours per week working with individuals who have disabling conditions.,Kinesiology,https://guide.wisc.edu/courses/kines/
KINES 370,"PLANNING, FACILITATING & ASSESSMENT IN MOVEMENT AND HEALTH PROFESSIONALS","Builds a repertoire of instructional skills and strategies such as organizing, planning, implementing and assessing developmentally appropriate learning tasks that are aligned with local, state, and national standards to address the diverse needs of participants.",Kinesiology,https://guide.wisc.edu/courses/kines/
KINES 371,METHODS AND PRACTICUM OF TEACHING PK-12 DANCE AND GYMNASTICS,"Methods of instruction in movement concepts, educational dance and gymnastics. Students will gain practice in planning, teaching, and assessing participants. Students will also observe, practice, and assess the facilitation skills of health and physical activity professionals. In addition, students will apply the concepts presented in KINES 370.",Kinesiology,https://guide.wisc.edu/courses/kines/
KINES 372,METHODS AND PRACTICUM OF TEACHING PK-5 PHYSICAL EDUCATION,"Address methods of instruction in movement concepts, locomotor and nonlocomotor skills, games, and educational dance and gymnastics. Explores curriculum models such as Developmental Movement, Skills-Theme, and Teaching Personal and Social Responsibility (TPSR).  Gain practice in planning, teaching, and assessing teaching skills. Develop teaching competencies (planning, teaching, and assessing) through teaching in a variety of settings.  Apply concepts and skills addressed in previous classes.",Kinesiology,https://guide.wisc.edu/courses/kines/
KINES 373,METHODS AND PRACTICUM OF TEACHING 6-12 PHYSICAL EDUCATION,"Practice in planning and teaching sport concepts and skills. Builds on the planning for learning and instruction foundation. Centered on the Tactical Games, Sport Education, Fitness Education, and Personalized Instruction models and focuses on students developing teaching competencies rather than learning specialized sports skills. Adapt instruction within tactically similar sports.",Kinesiology,https://guide.wisc.edu/courses/kines/
KINES 375,PRACTICUM IN PHYSICAL EDUCATION,"Provides opportunities for the physical education student to develop competencies in the teaching skills necessary to provide quality Physical Education to children and youth. Students will receive individualized feedback about their performance from the cooperating teacher and the university supervisor. Provide a forum for students to learn from their peers through discussions, sharing their experiences and knowledge gained from their practicum placement.",Kinesiology,https://guide.wisc.edu/courses/kines/
KINES 387,"THE YOUNG ATHLETE: CONSIDERATIONS FOR EXERCISE, MEDICINE, AND ACTIVITY","Sports are a great way for children to stay physically active, but adults are changing sports in ways that impact children in negative ways. Focuses on how kids are different than adults in terms of their needs for exercise and physical activity. Topics include physical activity epidemiology, growth, maturation, and sport specialization. Additional focus on common orthopedic injuries in the adolescent and pediatric populations and how injuries in young athletes are treated.",Kinesiology,https://guide.wisc.edu/courses/kines/
KINES 390,PRINCIPLES OF EXERCISE LEADERSHIP,Introduction to the design of individual and group exercise programs utilized in fitness leadership roles. Supervised practical experience will be provided in class to assist the development of student leadership skills.,Kinesiology,https://guide.wisc.edu/courses/kines/
KINES 399,INDEPENDENT STUDY,Independent undergraduate study in beginning to intermediate area of study under direct guidance of kinesiology faculty.,Kinesiology,https://guide.wisc.edu/courses/kines/
KINES 412,ORGANIZATION AND ADMINISTRATION OF PHYSICAL EDUCATION,"The presentation of materials and depth study of the organization and administration of a sound program of physical education, the knowledge of which is mandatory for all physical education teachers.",Kinesiology,https://guide.wisc.edu/courses/kines/
KINES 417,ADVANCED CLINICAL ASSESSMENT TECHNIQUES IN ATHLETIC TRAINING,"Provides students with knowledge and skills in advanced clinical assessment techniques used in the evaluation of injuries, illnesses, and conditions found in physically active populations.",Kinesiology,https://guide.wisc.edu/courses/kines/
KINES 427,FITNESS TESTING AND EXERCISE PRESCRIPTION,Fitness assessment and exercise prescription principles are applied to the health-related fitness components through discussion and lab activities.,Kinesiology,https://guide.wisc.edu/courses/kines/
KINES 450,CLINICAL FIELD EXPERIENCE IN ATHLETIC TRAINING,"A clinical field placement for students in the athletic training professional preparation program. Clinical placements under the direction of an AT Program Clinical Preceptor are offered in a variety of clinical settings including intercollegiate, secondary school, and private clinical settings.",Kinesiology,https://guide.wisc.edu/courses/kines/
KINES/​CURRIC  478,ELEMENTARY SCHOOL PHYSICAL EDUCATION STUDENT TEACHING,Student teaching placement in elementary school setting.,Kinesiology,https://guide.wisc.edu/courses/kines/
KINES/​CURRIC  479,MIDDLE SCHOOL OR HIGH SCHOOL PHYSICAL EDUCATION STUDENT TEACHING,Student teaching placement in secondary school setting.,Kinesiology,https://guide.wisc.edu/courses/kines/
KINES 487,ATHLETIC HEALTHCARE: CONTEMPORARY PERSPECTIVES,Discussion of contemporary issues in Athletic Healthcare including acute and chronic medical issues that may affect athletic performance.,Kinesiology,https://guide.wisc.edu/courses/kines/
KINES 501,THEORY-BASED HEALTH EDUCATION AND HEALTH PROMOTION PROGRAMS,"Provides an overview of the behavioral, social and cultural factors related to individual and population health and health disparities. Social and behavioral science theories and strategies in health promotion/education will be discussed in relation to preventing disease and promoting health. Provides current knowledge and analysis of issues influencing people's health and well-being from a social and behavioral science perspective. Theoretical frameworks that draw on major health behavior theories provide a better understanding of how individuals, families, peers, schools, neighborhoods, and the larger community influence risk and protective factors. Ethical considerations intrinsic to social and behavioral science efforts designed to produce health-related behavior change will be discussed. Promotes intellectual and collaborative learning through course lectures, readings, class discussions, and individual and group work.",Kinesiology,https://guide.wisc.edu/courses/kines/
KINES 508,WORKSHOP IN KINESIOLOGY,Designed to explore topics in kinesiology and/or occupational therapy. Topics may change each semester.,Kinesiology,https://guide.wisc.edu/courses/kines/
KINES 516,PHYSICAL ACTIVITY FOR DIVERSE ABILITIES,Develop knowledge of diverse populations and the ability to promote physical activity and well-being for a lifetime. Apply knowledge of barriers and the use of inclusive techniques to develop meaningful experiences and programs.,Kinesiology,https://guide.wisc.edu/courses/kines/
KINES 521,PHYSICAL ACTIVITY AND HEALTH,"Research evidence regarding how physical activity and fitness are related to health (e.g., during pregnancy and aging) and disease, especially cardiovascular diseases, obesity, diabetes, osteoporosis, and cancer. Application and communication of knowledge in practical situations.",Kinesiology,https://guide.wisc.edu/courses/kines/
KINES/​NURSING  523,CLINICAL EXERCISE TESTING & TRAINING,"Physiological basis and methods of human exercise testing and training. Topics: clinical exercise physiology, exercise testing protocols, cardiopulmonary monitoring, basic ECG interpretation, exercise prescription.",Kinesiology,https://guide.wisc.edu/courses/kines/
KINES/​NUTR SCI  525,NUTRITION IN PHYSICAL ACTIVITY AND HEALTH,"Provides both scientific knowledge and application of nutrition related to exercise, health, and sports.",Kinesiology,https://guide.wisc.edu/courses/kines/
KINES 527,PRINCIPLES OF STRENGTH AND CONDITIONING,"Present/discuss the scientific basis and current practices of strength and conditioning for athletic performance. Training program design and training methods, for performance enhancement, related to the areas of strength, power, speed, and endurance.",Kinesiology,https://guide.wisc.edu/courses/kines/
KINES 528,SEMINAR IN STRENGTH AND CONDITIONING,Provides scientific knowledge and opportunity to practice the application of strength and conditioning practices.,Kinesiology,https://guide.wisc.edu/courses/kines/
KINES 531,NEURAL CONTROL OF MOVEMENT,"Intermediate course on neuronal circuits and neurophysiological mechanisms involved in the control of human motor behavior.  Including discussion of: 1) sensorimotor integration, 2) interactions between spinal, brainstem, and cerebral cortical levels of control, and 3) how motor control knowledge is created and evaluated.",Kinesiology,https://guide.wisc.edu/courses/kines/
KINES 540,DIVERSITY IN HEALTH AND PHYSICAL ACTIVITY SETTINGS,"Issues related to promoting equal learning opportunities in the classroom and other community settings, including effective approaches to encouraging collaboration among colleagues, staff, parents, and students who are culturally, ethnically and socio-economically diverse are examined. In addition, effective instructional and coaching methods for an inclusive sport environment, athletic programs, and health professions as they relate to diverse individuals are addressed. Theoretical and practical paradigm of cultural differences are introduced. The focus is on diversity issues as they relate to race, ethnicity, gender, social class, sexuality, and racial considerations, development and ability differences, variations in learning styles and a variety of physical, mental, and emotional disabilities.",Kinesiology,https://guide.wisc.edu/courses/kines/
KINES 547,SKILLS FOR HEALTH: METHODS AND PRACTICUM OF TEACHING HEALTH,"Centered on the components (social, emotional, spiritual, environmental, occupational, intellectual, and physical) and skills (influence analysis, interpersonal communication, health-enhancing behaviors, accessing valid information, goal-setting, decision-making and advocacy) of wellness. Gain competence by planning for, learning, and practicing teaching skills in educational settings. Through this approach, highly competent teachers will be developed who can adapt health instruction to a wide variety of audiences and topics.",Kinesiology,https://guide.wisc.edu/courses/kines/
KINES 555,SPORTS SCIENCE & ATHLETE MONITORING,"In-depth look at how technology is changing the way we assess physical activity, help people return from injury, and increase physical performance. Topics include field-based testing, athlete monitoring, and movement screenings. Exposure to the most popular technologies in the field of human performance. Upper level elective in Kinesiology that builds on concepts acquired in the Kinesiology core curriculum. Offers real-world application of these concepts to students.",Kinesiology,https://guide.wisc.edu/courses/kines/
KINES 560,SENIOR RESEARCH WRITING IN KINESIOLOGY,"Develop skills in reading, reporting, and evaluating research in Kinesiology. Discuss and critically analyze peer-reviewed research articles in Kinesiology. Apply knowledge of scientific writing by preparing a scholarly research project such as a scientific literature review, systematic review, senior research thesis, original manuscript, or clinical case report.",Kinesiology,https://guide.wisc.edu/courses/kines/
KINES 566,PROMOTING HEALTH IN THE COMMUNITY,"Introduces theories and application of health promotion and health education, specifically, health education specialties and philosophical foundations. Addresses professional issues relating to the history, philosophy, ethics, practice, settings and competence of health education. Includes a focus on skills and techniques in writing, developing health educational materials, public speaking and group dynamics as they relate to community health promotion and health education programs.",Kinesiology,https://guide.wisc.edu/courses/kines/
KINES 568,STUDENT TEACHING IN HEALTH EDUCATION,"Provides the opportunity for the student teacher to put theory into practice under the guidance of a licensed teacher and a university supervisor, allowing the gradual induction into the role of a professional teacher. Feedback and assessment are given in terms of growth in the understandings and abilities needed to assume the responsibilities of a beginning teacher. Emphasis is placed on helping the student teacher become a reflective professional. Cooperation among the classroom teacher, university supervisor, and administrators is encouraged.",Kinesiology,https://guide.wisc.edu/courses/kines/
KINES 570,ANATOMICAL FOUNDATIONS IN ATHLETIC TRAINING,"Structure, regions and function of the neurological and musculoskeletal systems are presented with the purpose of providing insight into the anatomical foundations of common injuries and conditions.",Kinesiology,https://guide.wisc.edu/courses/kines/
KINES 571,EMERGENCY PROCEDURES FOR ATHLETIC TRAINERS,Provides future athletic training professionals with knowledge and skills to respond to emergency situations common to the athletic training environment. Emphasis on hands-on applications and interprofessional relationships with other emergency care providers and agencies.,Kinesiology,https://guide.wisc.edu/courses/kines/
KINES 572,FOUNDATIONAL SKILLS IN ATHLETIC TRAINING,Introduces foundational skills used by athletic training professionals in the evaluation and prevention of injuries and conditions common to active populations.,Kinesiology,https://guide.wisc.edu/courses/kines/
KINES 600,ADVANCED EXERCISE PSYCHOLOGY,"Exercise and performance examined from the standpoint of motivation, personality dynamics, psychophysics, mental health, social psychology, and behavioral medicine.",Kinesiology,https://guide.wisc.edu/courses/kines/
KINES 614,BIOLOGICAL FACTORS INFLUENCING EXERCISE PERFORMANCE,"Explore the physiological, biochemical, and molecular mechanisms of the body's response to both acute and chronic exercise. Examine the body's physiological responses to environmental stressors such as heat, cold, and hypoxia. Gain an in-depth understanding of advanced exercise physiology concepts through the analysis of research publications.",Kinesiology,https://guide.wisc.edu/courses/kines/
KINES 615,LABORATORY TECHNIQUES IN EXERCISE PHYSIOLOGY,Laboratory procedures and skills commonly used in exercise physiology.,Kinesiology,https://guide.wisc.edu/courses/kines/
KINES 618,BIOMECHANICS,Biomechanics of human movement and skill with emphasis on kinematics and kinetics.,Kinesiology,https://guide.wisc.edu/courses/kines/
KINES 620,CLINICAL PRACTICUM IN ATHLETIC TRAINING I,Clinical practicum that provides practical and skills-oriented instruction under the supervision of a skilled clinical preceptor. Provides an opportunity for exposure will be to a large volume and variety of clinical experiences to facilitate learning in authentic clinical settings.,Kinesiology,https://guide.wisc.edu/courses/kines/
KINES 621,CLINICAL PRACTICUM IN ATHLETIC TRAINING II,Clinical practicum that provides practical and skills-oriented instruction under the supervision of a skilled clinical preceptor. Exposure to a large volume and variety of clinical experiences to facilitate learning in authentic clinical settings.,Kinesiology,https://guide.wisc.edu/courses/kines/
KINES 622,CLINICAL FIELD EXPERIENCE IN ATHLETIC TRAINING I,Provides a clinical field experience allowing for practical and skills-oriented instruction under the supervision of a skilled clinical preceptor.  Exposure to a large volume and variety of athletic training clinical experiences to facilitate learning in authentic clinical settings. Increased patient interactions concurrent with skill acquisition and Athletic Training program progression.,Kinesiology,https://guide.wisc.edu/courses/kines/
KINES 623,CLINICAL FIELD EXPERIENCE IN ATHLETIC TRAINING II,Clinical field experience that provides practical and skills-oriented instruction under the supervision of a skilled clinical preceptor as a precursor to clinical immersion placement. Provides exposure to a large volume and variety of clinical experiences in authentic clinical settings. Increased patient encounters concurrent with skill acquisition.,Kinesiology,https://guide.wisc.edu/courses/kines/
KINES 624,ATHLETIC TRAINING PRECEPTORSHIP I,"Provides extensive patient encounters and advanced skills-oriented instruction under the supervision of a skilled clinical preceptor, working towards independent athletic training practice. Immersive experience provides exposure to a large volume and variety of patient encounters in authentic clinical settings. Provides extensive opportunities for supervised autonomy to develop clinical decision-making skills progressing toward independent clinical-decision making.",Kinesiology,https://guide.wisc.edu/courses/kines/
KINES 625,ATHLETIC TRAINING PRECEPTORSHIP II,"Provides extensive patient encounters and advanced skills-oriented instruction under the supervision of a skilled clinical preceptor, working towards independent athletic training practice.  Final immersive clinical experience will provide exposure to a large volume and variety of patient encounters in authentic clinical settings. Provides extensive opportunities for supervised autonomy moving to independent clinical decision-making.",Kinesiology,https://guide.wisc.edu/courses/kines/
KINES 650,FOUNDATIONS OF PROFESSIONAL PRACTICE IN ATHLETIC TRAINING,"Addresses foundational concepts and skills required for contemporary athletic training practice including: an introduction to evidence-based practice, disablement models and patient reported outcomes, team approach to healthcare, legal and ethical considerations, primacy of the patient, effective communication, concepts of professionalism and cultural competence.",Kinesiology,https://guide.wisc.edu/courses/kines/
KINES 651,"PUBLIC HEALTH, POLICY, AND PRACTICE","Addresses the intersection of athletic training and public health by exploring population-based approaches to injury prevention and challenges students to explore how population-level problems impact individual health. Introduces and explores specific policies (e.g. concussion, athletic pre-participation, catastrophic injury) that impact the provision of effective patient-centered care and introduces skills required for management of these conditions.",Kinesiology,https://guide.wisc.edu/courses/kines/
KINES 652,EVALUATION AND THERAPEUTIC INTERVENTIONS I,"Provides evaluation techniques, theory and practice in the use of therapeutic exercise for the rehabilitation of athletic injuries. Provides the appropriate knowledge and skills needed to evaluate and apply therapeutic strategies in the treatment of athletic injuries. Focuses on lower extremity and closed head injuries.",Kinesiology,https://guide.wisc.edu/courses/kines/
KINES 653,EVALUATION AND THERAPEUTIC INTERVENTIONS II,"Provides Athletic Trainers with the knowledge, physical exam skills, and therapeutic interventions to diagnose and address common injuries and conditions. Scientific rationale for appropriate exercise design, implementation, and progression of care are emphasized.",Kinesiology,https://guide.wisc.edu/courses/kines/
KINES 654,CLINICAL MEDICINE IN ATHLETIC TRAINING I,"Examines acute and chronic medical problems encountered by athletic trainers. Includes examination and clinical skills, interventions, and requirements for referral as part of collaborative care. Emphasis on cardiopulmonary, respiratory, gastrointestinal, genitourinary, gynecological, neurological, and systemic issues.",Kinesiology,https://guide.wisc.edu/courses/kines/
KINES 655,CLINICAL MEDICINE IN ATHLETIC TRAINING II,"Examines acute and chronic medical problems encountered by athletic trainers. Includes examination and clinical skills, interventions, and requirements for referral as part of collaborative care. Emphasis on drug testing, illicit drug use, mental and behavioral health, sexual health, dermatology, wound care and closure, diabetes, and infectious disease.",Kinesiology,https://guide.wisc.edu/courses/kines/
KINES 656,SCIENTIFIC INQUIRY IN ATHLETIC TRAINING,"Addresses the role of evidence in supporting Athletic Training practice. Presents the concepts, methods, and strategies related to evidence-based practice and the development of critical reading and scientific writing skills.",Kinesiology,https://guide.wisc.edu/courses/kines/
KINES 657,ROLE TRANSITION AND PROFESSIONAL PRACTICE IN ATHLETIC TRAINING,"Addresses role transition and professional practice issues facing athletic trainers. Emphasis on identifying gaps in skills and expertise, recognizing communication needs, and role socialization skills for future development during final preceptorship placements and entrance into the healthcare workforce. Board of Certification preparation strategies are explored.",Kinesiology,https://guide.wisc.edu/courses/kines/
KINES 658,SEMINAR IN ATHLETIC TRAINING,"Provides a forum for athletic training students, faculty and staff to present and discuss research and current issues related to the field of athletic training.",Kinesiology,https://guide.wisc.edu/courses/kines/
KINES 670,ENHANCING PERFORMANCE AND WELLNESS,"Explores concepts related to promoting and implementing specialized programs focused on addressing health and performance in patients. Topics include strength and conditioning, nutrition, and wellness.",Kinesiology,https://guide.wisc.edu/courses/kines/
KINES 671,DIAGNOSTIC IMAGING IN ATHLETIC TRAINING,"Addresses diagnostic imaging tools used in sports medicine and orthopedics, interpretation of results, and implementation into clinical practice as part of a comprehensive evaluation.",Kinesiology,https://guide.wisc.edu/courses/kines/
KINES 672,PRINCIPLES OF PHARMACOLOGY FOR ATHLETIC TRAINERS,"Pharmacological and toxicological actions and therapeutic use of medications commonly encountered in the practice of athletic training. Includes categories of drugs, use, effects and precautions for common drugs and drug-interactions.  Implications for physical activity and legal issues are examined.",Kinesiology,https://guide.wisc.edu/courses/kines/
KINES 673,HEALTHCARE INFORMATICS AND QUALITY IMPROVEMENT IN ATHLETIC TRAINING,"Explores the principles of health informatics and quality improvement for applications in contemporary athletic training practice. Content includes ethical use of data, technology, healthcare information management, fundamentals of quality improvement, measuring improvement, cost and value models, and the history of quality improvement in healthcare.",Kinesiology,https://guide.wisc.edu/courses/kines/
KINES 674,CLINICAL SCHOLARSHIP IN ATHLETIC TRAINING,Develops understanding of the athletic trainer as an evidence-guided clinical scholar. Designed as a companion to an immersive clinical experience that allows examination of the elements of clinical scholarship in the practice of athletic training. Emphasis on understanding how patient-centered care is improved through best practices and the utilization of practice-based research tools.,Kinesiology,https://guide.wisc.edu/courses/kines/
KINES 690,INTERNSHIP IN KINESIOLOGY,"Provides an experiential learning experience to integrate theoretical concepts learned in the classroom into field experience. Through supervised practical experiences, gain valuable insights into the diverse applications of exercise science in various settings. Assume responsibilities that are consistent with level of professional development and learning experiences.",Kinesiology,https://guide.wisc.edu/courses/kines/
KINES 699,INDEPENDENT STUDY,Independent undergraduate work in advanced area of study under direct guidance of kinesiology faculty.,Kinesiology,https://guide.wisc.edu/courses/kines/
KINES 700,PSYCHOLOGICAL EFFECTS OF EXERCISE,"Consequences of involvement in acute and chronic exercise on selected psychological states such as anxiety, depression, hostility, and self-esteem.",Kinesiology,https://guide.wisc.edu/courses/kines/
KINES 713,NEURAL BASIS OF NORMAL AND PATHOLOGICAL MOVEMENT,"In-depth look at anatomic, neurophysiological, behavioral, and clinical aspects of motor control under normal and pathological conditions. Movement disorders include sensory neuropathy, cerebral cortical or brain stem stroke, basal ganglia dysfunction, and cerebellar disease.",Kinesiology,https://guide.wisc.edu/courses/kines/
KINES 721,NEURAL BASIS FOR MOVEMENT,"How the central nervous system organizes skilled human performance. Evolution of neuromuscular mechanisms, subserving skills, and the causes and limitations of movement at high speeds and high levels of force.",Kinesiology,https://guide.wisc.edu/courses/kines/
KINES 773,CARDIORESPIRATORY ADAPTIONS TO ENVIRONMENT AND EXERCISE,Examination of the effects of acute and chronic exercise and exposure to hypo- and hyperbaric environments on physiological responses; mechanisms underlying these responses.,Kinesiology,https://guide.wisc.edu/courses/kines/
KINES 774,METABOLIC RESPONSES TO EXERCISE AND ENVIRONMENTAL STRESS,Examination of the metabolic and biochemical responses to acute and chronic exercise and environmental stress. Emphasis placed on the mechanisms underlying these responses.,Kinesiology,https://guide.wisc.edu/courses/kines/
KINES 779,HUMAN MUSCLE FUNCTION IN HEALTH AND DISEASE,"Multidisciplinary seminar on human muscle function in health and disease. The course is geared toward advanced undergraduate and graduate students in kinesiology, physical and occupational therapy, motor control and behavior, neurophysiology resident in neurology and other related allied health professionals.",Kinesiology,https://guide.wisc.edu/courses/kines/
KINES 785,HUMAN OCCUPATION AND HEALTH,Focuses on the nature of human occupation (everyday purposeful activity) and its relationship to well-being and health. Theories of occupation and health are critically examined.,Kinesiology,https://guide.wisc.edu/courses/kines/
KINES/​POP HLTH  791,PHYSICAL ACTIVITY EPIDEMIOLOGY,"Recommendations for and surveillance of physical activity in the U.S., and associations with health and disease at the population level. Emphasis on measurement techniques, study design and research considerations.",Kinesiology,https://guide.wisc.edu/courses/kines/
KINES 861,PRINCIPLES OF MOTOR CONTROL AND LEARNING,"Theories and experimental findings in motor control, acquisition and retention of motor behavior. Topics: attention, models of motor control, kinesthesis, learning, information processing, memory, transfer, feedback, age and gender differences.",Kinesiology,https://guide.wisc.edu/courses/kines/
KINES 885,SEMINAR IN OCCUPATION AND HEALTH,Current theoretical and methodological issues and problems within the study of human occupation and health.,Kinesiology,https://guide.wisc.edu/courses/kines/
KINES 900,SEMINAR IN KINESIOLOGY,"Provides a forum for students, faculty and staff from the department of kinesiology to present and discuss research and current issues related to the field of kinesiology.",Kinesiology,https://guide.wisc.edu/courses/kines/
KINES 950,PROFESSIONAL SKILLS AND RESEARCH IN KINESIOLOGY,"Foundational skills to succeed in both academic and applied settings within the field of kinesiology. Search, analyze, and critique scientific literature on exercise and health while developing critical thinking, research methodologies, and evidence-based decision-making. Refine oral and written communication and create professional materials including CV and cover letter for career development.",Kinesiology,https://guide.wisc.edu/courses/kines/
KINES 951,SEMINAR-BIOMECHANICS,Seminar topics in field of biomechanics.,Kinesiology,https://guide.wisc.edu/courses/kines/
KINES 953,HUMAN BIODYNAMICS SEMINAR,Seminar topics in field of human biodynamics.,Kinesiology,https://guide.wisc.edu/courses/kines/
KINES/​POP HLTH  955,SEMINAR - PHYSICAL ACTIVITY EPIDEMIOLOGY,Current research developments in physical activity epidemiology.,Kinesiology,https://guide.wisc.edu/courses/kines/
KINES 961,SEMINAR IN MOTOR CONTROL AND LEARNING,Seminar topics in field of motor control and learning.,Kinesiology,https://guide.wisc.edu/courses/kines/
KINES 990,RESEARCH OR THESIS,Independent research and writing for graduate students under the supervision of kinesiology faculty member.,Kinesiology,https://guide.wisc.edu/courses/kines/
KINES 991,RESEARCH IN PHYSICAL ACTIVITY- THEORY AND DESIGN,Basic principles of scientific inquiry and their application to the study of physical activity.,Kinesiology,https://guide.wisc.edu/courses/kines/
KINES 999,INDEPENDENT READING,Directed study projects for graduate students as arranged with kinesiology faculty member.,Kinesiology,https://guide.wisc.edu/courses/kines/
